Timestamp,Area
0.0,283870.6875
0.12000000000000001,283870.6875
0.2,283870.6875
0.32,283870.6875
0.4,283892.625
0.52,283525.3125
0.6,283552.3125
0.7200000000000001,284074.3125
0.8,284052.375
0.92,284025.3125
1.0,284025.3125
1.12,283844.8125
1.2,283844.8125
1.32,283844.8125
1.4000000000000001,283844.8125
1.52,283844.8125
1.6,283844.8125
1.72,283844.8125
1.7990000000000002,283844.8125
1.919,283685.0625
1.999,283844.8125
2.119,283844.8125
2.1990000000000003,283866.71875
2.319,283866.71875
2.399,283866.71875
2.519,283866.71875
2.599,283866.71875
2.7190000000000003,283866.71875
2.799,283866.71875
2.919,283866.71875
2.999,282478.1875
3.119,280823.25
3.1990000000000003,279948.0
3.319,276347.0625
3.399,274664.625
3.519,271909.15625
3.599,269386.3125
3.7190000000000003,266653.84375
3.7990000000000004,264237.28125
3.919,261605.375
3.999,259550.78125
4.119,256968.125
4.199,255566.0
4.319,252672.0625
4.399,250168.75
4.519,247893.46875
4.599,246283.625
4.719,243993.5
4.799,241848.125
4.9190000000000005,238873.6875
4.9990000000000006,237251.75
5.119000000000001,235372.21875
5.199,233369.375
5.319,230398.53125
5.398000000000001,229141.1875
5.519,226790.53125
5.598,225339.46875
5.718,223055.59375
5.798,221949.75
5.918,219115.1875
5.998,217726.75
6.118,215683.03125
6.198,213643.40625
6.3180000000000005,211798.6875
6.398000000000001,210439.5625
6.518000000000001,208598.25
6.598000000000001,207217.125
6.718,205027.5625
6.798,203596.1875
6.918,201814.59375
6.998,200723.90625
7.118,198537.625
7.198,197346.625
7.3180000000000005,195564.5
7.398000000000001,193909.28125
7.518000000000001,192255.09375
7.598000000000001,190971.21875
7.718,188926.0
7.798,187675.0625
7.918,187384.875
7.998,187198.4375
8.118,187198.4375
8.198,187198.4375
8.318,187198.4375
8.398,187198.4375
8.518,187198.4375
8.598,187198.4375
8.718,187198.4375
8.798,187198.4375
8.918000000000001,187198.4375
8.998000000000001,187198.4375
9.117,187198.4375
9.197000000000001,187198.4375
9.317,187198.4375
9.397,187198.4375
9.517000000000001,187198.4375
9.597000000000001,187198.4375
9.717,187198.4375
9.797,187198.4375
9.917,187346.1875
9.997,186927.375
10.117,186927.375
10.197000000000001,186927.375
10.317,186927.375
10.397,186927.375
10.517000000000001,186927.375
10.597000000000001,186927.375
10.717,186927.375
10.797,186927.375
10.917,186927.375
10.997,186927.375
11.117,186927.375
11.197000000000001,186927.375
11.317,186927.375
11.397,186927.375
11.517000000000001,186927.375
11.597000000000001,186927.375
11.717,186927.375
11.797,186927.375
11.917,186927.375
11.997,186927.375
12.117,186905.0625
12.197000000000001,186905.0625
12.317,186905.0625
12.397,186905.0625
12.517000000000001,186905.0625
12.597000000000001,186887.71875
12.716000000000001,186887.71875
12.796000000000001,186887.71875
12.916,186887.71875
12.996,186887.71875
13.116000000000001,186887.71875
13.196000000000002,186887.71875
13.316,186887.71875
13.396,186887.71875
13.516,186887.71875
13.596,186870.375
13.716000000000001,186870.375
13.796000000000001,186870.375
13.916,186870.375
13.996,186870.375
14.116000000000001,186870.375
14.196000000000002,186870.375
14.316,186870.375
14.396,186870.375
14.516,186870.375
14.596,186870.375
14.716000000000001,186870.375
14.796000000000001,186870.375
14.916,186870.375
14.996,186902.9375
15.116000000000001,186902.9375
15.196000000000002,186902.9375
15.316,186902.9375
15.396,186902.9375
15.516,186902.9375
15.596,186902.9375
15.716000000000001,186902.9375
15.796000000000001,186902.9375
15.916,186902.9375
15.996,186902.9375
16.116,186902.9375
16.196,186902.9375
16.315,186902.9375
16.395,186902.9375
16.515,186902.9375
16.595000000000002,186902.9375
16.715,186902.9375
16.795,186902.9375
16.915,186902.9375
16.995,186902.9375
17.115000000000002,186902.9375
17.195,186902.9375
17.315,186902.9375
17.395,186902.9375
17.515,186902.9375
17.595000000000002,187033.28125
17.715,187033.28125
17.795,187033.28125
17.915,187033.28125
17.995,187033.28125
18.115000000000002,187033.28125
18.195,187033.28125
18.315,187179.9375
18.395,187327.6875
18.515,187327.6875
18.595000000000002,187007.125
18.715,186881.71875
18.795,187219.65625
18.915,187219.65625
18.995,187072.96875
19.115000000000002,187072.96875
19.195,187072.96875
19.315,187072.96875
19.395,187153.8125
19.515,187153.8125
19.595000000000002,187153.8125
19.715,187153.8125
19.795,187153.8125
19.914,187153.8125
19.994,187237.09375
20.114,187383.8125
20.194000000000003,187367.4375
20.314,187514.125
20.394000000000002,187389.75
20.514,187389.75
20.594,187389.75
20.714000000000002,187153.8125
20.794,187153.8125
20.914,187153.8125
20.994,187153.8125
21.114,187153.8125
21.194000000000003,187153.8125
21.314,187153.8125
21.394000000000002,187153.8125
21.514,187153.8125
21.594,187198.4375
21.714000000000002,187198.4375
21.794,187198.4375
21.914,187198.4375
21.994,187198.4375
22.114,187198.4375
22.194000000000003,187198.4375
22.314,187198.4375
22.394000000000002,187323.84375
22.514,187323.84375
22.594,187279.15625
22.714000000000002,187279.15625
22.794,187131.5
22.914,187050.6875
22.994,187050.6875
23.114,187050.6875
23.194000000000003,187346.1875
23.314,187346.1875
23.394000000000002,187198.4375
23.514000000000003,187198.4375
23.593,187198.4375
23.713,187198.4375
23.793000000000003,187198.4375
23.913,187198.4375
23.993000000000002,187198.4375
24.113,187198.4375
24.193,187198.4375
24.313000000000002,187198.4375
24.393,187050.6875
24.513,187050.6875
24.593,187050.6875
24.713,187050.6875
24.793000000000003,187050.6875
24.913,187050.6875
24.993000000000002,187068.09375
25.113,187068.09375
25.193,187068.09375
25.313000000000002,187068.09375
25.393,187068.09375
25.513,187068.09375
25.593,187068.09375
25.713,187068.09375
25.793000000000003,187068.09375
25.913,187068.09375
25.993000000000002,187068.09375
26.113,187068.09375
26.193,187068.09375
26.313000000000002,187068.09375
26.393,187068.09375
26.513,187068.09375
26.593,187068.09375
26.713,187068.09375
26.793000000000003,187068.09375
26.913,187068.09375
26.993000000000002,187068.09375
27.113,187068.09375
27.192,187068.09375
27.312,187068.09375
27.392000000000003,187068.09375
27.512,187068.09375
27.592000000000002,187068.09375
27.712,187068.09375
27.792,187068.09375
27.912000000000003,187068.09375
27.992,187068.09375
28.112000000000002,187068.09375
28.192,187068.09375
28.312,187068.09375
28.392000000000003,187068.09375
28.512,186921.375
28.592000000000002,186921.375
28.712,186921.375
28.792,186921.375
28.912000000000003,187068.09375
28.992,187068.09375
29.112000000000002,187068.09375
29.192,187068.09375
29.312,187068.09375
29.392000000000003,187068.09375
29.512,187068.09375
29.592000000000002,187068.09375
29.712,187068.09375
29.792,187068.09375
29.912000000000003,187068.09375
29.992,187022.5625
30.112000000000002,187022.5625
30.192,187022.5625
30.312,187022.5625
30.392000000000003,187022.5625
30.512,187022.5625
30.592000000000002,187022.5625
30.712,187022.5625
30.791,187022.5625
30.912000000000003,187022.5625
30.991000000000003,187022.5625
31.111,187170.25
31.191000000000003,187170.25
31.311,187170.25
31.391,187170.25
31.511000000000003,187170.25
31.591,187170.25
31.711000000000002,187170.25
31.791,187170.25
31.911,187170.25
31.991000000000003,187170.25
32.111000000000004,187170.25
32.191,187170.25
32.311,187170.25
32.391,187170.25
32.511,187170.25
32.591,187170.25
32.711,187170.25
32.791000000000004,187170.25
32.911,187170.25
32.991,187170.25
33.111000000000004,187170.25
33.191,187170.25
33.311,187170.25
33.391,187170.25
33.511,187170.25
33.591,187170.25
33.711,187170.25
33.791000000000004,187170.25
33.911,187170.25
33.991,187170.25
34.111000000000004,187170.25
34.191,187170.25
34.311,187170.25
34.39,187170.25
34.510000000000005,187170.25
34.59,187170.25
34.71,187170.25
34.79,187170.25
34.91000000000001,187170.25
34.99,187064.1875
35.11,187466.59375
35.190000000000005,187177.15625
35.31,187177.15625
35.39,187177.15625
35.510000000000005,187177.15625
35.59,187177.15625
35.71,187177.15625
35.79,187177.15625
35.91000000000001,187177.15625
35.99,187177.15625
36.11,187159.78125
36.190000000000005,187159.78125
36.31,187159.78125
36.39,187159.78125
36.510000000000005,187159.78125
36.59,187159.78125
36.71,187159.78125
36.79,187159.78125
36.91000000000001,187159.78125
36.99,187159.78125
37.11,187159.78125
37.190000000000005,187159.78125
37.31,187159.78125
37.39,187159.78125
37.510000000000005,187159.78125
37.59,187159.78125
37.71,187159.78125
37.79,187159.78125
37.91000000000001,187012.0625
37.989000000000004,187012.0625
38.109,187012.0625
38.189,187012.0625
38.309000000000005,187012.0625
38.389,187012.0625
38.509,187012.0625
38.589,187012.0625
38.709,187012.0625
38.789,187012.0625
38.909,187193.53125
38.989000000000004,187046.8125
39.109,187046.8125
39.189,187046.8125
39.309000000000005,187046.8125
39.389,187046.8125
39.509,187046.8125
39.589,187171.21875
39.709,187340.25
39.789,187465.625
39.909,187612.34375
39.989000000000004,187657.03125
40.109,187657.03125
40.189,187787.3125
40.309000000000005,187657.03125
40.389,187657.03125
40.509,187657.03125
40.589,187657.03125
40.709,187657.03125
40.789,187317.9375
40.909,187530.53125
40.989000000000004,187639.5625
41.109,187786.25
41.189,187768.75
41.309000000000005,187825.03125
41.389,187767.65625
41.509,188057.28125
41.588,187785.1875
41.708000000000006,187638.5
41.788000000000004,187803.75
41.908,187786.25
41.988,187508.25
42.108000000000004,187508.25
42.188,187508.25
42.308,187508.25
42.388000000000005,187192.53125
42.508,187361.53125
42.588,187361.53125
42.708000000000006,187514.125
42.788000000000004,187638.5
42.908,187638.5
42.988,187638.5
43.108000000000004,187638.5
43.188,187638.5
43.308,187638.5
43.388000000000005,187638.5
43.508,187638.5
43.588,187621.0
43.708000000000006,187621.0
43.908,187621.0
44.188,187327.6875
44.308,187305.375
44.388000000000005,187322.8125
44.508,187638.5
44.588,187660.8125
44.708000000000006,187643.3125
44.788000000000004,187327.6875
44.908,187536.4375
44.988,186899.09375
45.108000000000004,187030.46875
45.187000000000005,187030.46875
45.307,187029.4375
45.387,187029.4375
45.507000000000005,187029.4375
45.587,187177.15625
45.707,187198.4375
45.787,187510.3125
45.907,187510.3125
45.987,187510.3125
46.107,187510.3125
46.187000000000005,187657.03125
46.307,187657.03125
46.387,187657.03125
46.507000000000005,187657.03125
46.587,187657.03125
46.707,187657.03125
46.787,187487.96875
46.907,187657.03125
46.987,187657.03125
47.107,187532.65625
47.187000000000005,187639.5625
47.307,187639.5625
47.387,187639.5625
47.507000000000005,187639.5625
47.587,187639.5625
47.707,187639.5625
47.787,187493.9375
47.907,187362.5625
47.987,187362.5625
48.107,187362.5625
48.187000000000005,187362.5625
48.307,187214.8125
48.387,187214.8125
48.507000000000005,187214.8125
48.587,187214.8125
48.707,187214.8125
48.786,187214.8125
48.906,187214.8125
48.986000000000004,187214.8125
49.106,187214.8125
49.186,187214.8125
49.306000000000004,187214.8125
49.386,187214.8125
49.506,187214.8125
49.586000000000006,187214.8125
49.706,187214.8125
49.786,187361.53125
49.906000000000006,187192.53125
49.986000000000004,187203.34375
50.106,187055.5625
50.186,187055.5625
50.306000000000004,187055.5625
50.386,186886.625
50.506,187220.75
50.586000000000006,187220.75
50.706,187072.96875
50.786,187106.75
50.906000000000006,187072.96875
50.986000000000004,187384.875
51.106,187549.0625
51.186,187367.4375
51.306000000000004,187367.4375
51.386,187367.4375
51.506,187367.4375
51.586000000000006,187367.4375
51.706,187367.4375
51.786,187367.4375
51.906000000000006,187367.4375
51.986000000000004,187367.4375
52.106,187367.4375
52.186,187367.4375
52.306000000000004,187367.4375
52.385000000000005,187367.4375
52.505,187367.4375
52.585,187367.4375
52.705000000000005,187367.4375
52.78500000000001,187367.4375
52.905,187367.4375
52.985,187367.4375
53.105000000000004,187367.4375
53.185,187367.4375
53.305,187367.4375
53.385000000000005,187367.4375
53.505,187367.4375
53.585,187367.4375
53.705000000000005,187367.4375
53.78500000000001,187367.4375
53.905,187367.4375
53.985,187181.03125
54.105000000000004,187181.03125
54.185,187181.03125
54.305,187181.03125
54.385000000000005,187181.03125
54.505,187181.03125
54.585,187181.03125
54.705000000000005,187181.03125
54.78500000000001,187181.03125
54.905,187181.03125
54.985,186880.6875
55.105000000000004,186880.6875
55.185,186880.6875
55.305,186880.6875
55.385000000000005,186880.6875
55.505,186880.6875
55.585,186880.6875
55.705000000000005,186880.6875
55.78500000000001,186880.6875
55.905,186880.6875
55.984,186880.6875
56.104,186880.6875
56.184000000000005,186880.6875
56.304,186880.6875
56.384,186880.6875
56.504000000000005,186880.6875
56.584,186880.6875
56.704,186880.6875
56.784000000000006,186880.6875
56.904,186880.6875
56.984,186880.6875
57.104,186863.28125
57.184000000000005,186863.28125
57.304,186863.28125
57.384,186863.28125
57.504000000000005,186863.28125
57.584,186863.28125
57.704,186863.28125
57.784000000000006,186863.28125
57.904,186863.28125
57.984,186863.28125
58.104000000000006,186863.28125
58.184000000000005,186863.28125
58.304,186863.28125
58.384,187011.0
58.504000000000005,187011.0
58.584,187011.0
58.704,187011.0
58.784000000000006,187011.0
58.904,187011.0
58.984,187011.0
59.104000000000006,187011.0
59.184000000000005,187011.0
59.304,187011.0
59.384,187011.0
59.504000000000005,186863.28125
59.584,186863.28125
59.703,186863.28125
59.783,186863.28125
59.903000000000006,186863.28125
59.983000000000004,187153.8125
60.103,187153.8125
60.183,187153.8125
60.303000000000004,187153.8125
60.383,187153.8125
60.503,187153.8125
60.583000000000006,187153.8125
60.703,187153.8125
60.783,187153.8125
60.903000000000006,187153.8125
60.983000000000004,187153.8125
61.103,187153.8125
61.183,187153.8125
61.303000000000004,187153.8125
61.383,187153.8125
61.503,187153.8125
61.583000000000006,187153.8125
61.703,187153.8125
61.783,187153.8125
61.903000000000006,187153.8125
61.983000000000004,187153.8125
62.103,187153.8125
62.183,187153.8125
62.303000000000004,187153.8125
62.383,187153.8125
62.503,187153.8125
62.583000000000006,187153.8125
62.703,187153.8125
62.783,187153.8125
62.903000000000006,187322.8125
62.983000000000004,187322.8125
63.103,187322.8125
63.183,187322.8125
63.302,187322.8125
63.702000000000005,187470.53125
63.782,187470.53125
63.902,187448.1875
63.982000000000006,187448.1875
64.102,187448.1875
64.182,187448.1875
64.302,187279.15625
64.382,187279.15625
64.50200000000001,187131.5
64.58200000000001,187131.5
64.702,186965.4375
64.782,186965.4375
64.902,187032.1875
64.982,187210.9375
65.102,187210.9375
65.182,187210.9375
65.302,187210.9375
65.382,187210.9375
65.50200000000001,187210.9375
65.58200000000001,187210.9375
65.702,187210.9375
65.782,187210.9375
65.902,187210.9375
65.982,187210.9375
66.102,187176.125
66.182,187176.125
66.302,187176.125
66.382,187176.125
66.50200000000001,187176.125
66.58200000000001,187176.125
66.702,187176.125
66.782,187176.125
66.901,187176.125
66.98100000000001,187176.125
67.101,187176.125
67.181,187176.125
67.301,187176.125
67.381,187176.125
67.501,187176.125
67.581,187176.125
67.70100000000001,187176.125
67.781,187176.125
67.901,187176.125
67.98100000000001,187322.8125
68.101,187322.8125
68.181,187322.8125
68.301,187322.8125
68.381,187322.8125
68.501,187176.125
68.581,187176.125
68.70100000000001,187176.125
68.781,187176.125
68.901,187176.125
68.98100000000001,187176.125
69.101,187176.125
69.181,187176.125
69.301,187176.125
69.381,187176.125
69.501,187176.125
69.581,187176.125
69.70100000000001,187176.125
69.781,187176.125
69.901,187176.125
69.98100000000001,187013.125
70.101,187013.125
70.181,187013.125
70.301,187013.125
70.381,187013.125
70.5,187013.125
70.58,187013.125
70.7,186882.75
70.78,187379.0
70.9,187254.53125
70.98,187402.3125
71.10000000000001,187550.09375
71.18,187550.09375
71.3,187381.0
71.38000000000001,187381.0
71.5,187381.0
71.58,187381.0
71.7,187233.25
71.78,187233.25
71.9,187233.25
71.98,187233.25
72.10000000000001,187188.625
72.18,187381.0
72.3,187381.0
72.38000000000001,187381.0
72.5,187233.25
72.58,187398.40625
72.7,187380.0
72.78,187214.8125
72.9,187527.75
72.98,187042.8125
73.10000000000001,187358.65625
73.18,187358.65625
73.3,187358.65625
73.38000000000001,187358.65625
73.5,187353.71875
73.58,187206.03125
73.7,187206.03125
73.78,187206.03125
73.9,187249.6875
73.98,187216.875
74.10000000000001,187246.65625
74.179,186926.28125
74.299,187244.84375
74.379,187511.34375
74.49900000000001,187357.6875
74.57900000000001,187108.8125
74.699,187658.0625
74.77900000000001,187086.5
74.899,186755.1875
74.979,187068.09375
75.099,186737.78125
75.179,187249.6875
75.299,187395.5
75.379,187395.5
75.49900000000001,187543.25
75.57900000000001,187543.25
75.699,187543.25
75.77900000000001,186879.65625
75.899,187543.25
75.979,187343.0
76.099,187378.0
76.179,187378.0
76.299,187378.0
76.379,187378.0
76.49900000000001,187378.0
76.57900000000001,187378.0
76.699,187378.0
76.77900000000001,187378.0
76.899,187378.0
76.979,187378.0
77.099,187195.25
77.179,187195.25
77.299,187195.25
77.379,187195.25
77.49900000000001,187195.25
77.57900000000001,187195.25
77.699,187195.25
77.778,187195.25
77.89800000000001,187048.5625
77.97800000000001,187048.5625
78.098,187048.5625
78.178,187048.5625
78.298,187048.5625
78.378,187231.25
78.498,187231.25
78.578,187231.25
78.69800000000001,187048.5625
78.778,187048.5625
78.89800000000001,187048.5625
78.97800000000001,187048.5625
79.098,187048.5625
79.178,187196.3125
79.298,187196.3125
79.378,187196.3125
79.498,187379.0
79.578,187525.75
79.69800000000001,187673.5
79.778,187673.5
79.89800000000001,187673.5
79.97800000000001,187301.5
80.098,187301.5
80.178,187301.5
80.298,187301.5
80.378,187301.5
80.498,187301.5
80.578,187301.5
80.69800000000001,187301.5
80.778,187399.375
80.89800000000001,187409.40625
80.97800000000001,187148.90625
81.098,187409.40625
81.178,187409.40625
81.298,187409.40625
81.37700000000001,187409.40625
81.497,187409.40625
81.577,187409.40625
81.697,187409.40625
81.777,187409.40625
81.897,187409.40625
81.977,187409.40625
82.09700000000001,187409.40625
82.177,187409.40625
82.297,187409.40625
82.37700000000001,187409.40625
82.497,187409.40625
82.577,187409.40625
82.697,187296.5625
82.777,187296.5625
82.897,187296.5625
82.977,187279.15625
83.09700000000001,187749.0
83.177,188596.625
83.297,189683.9375
83.37700000000001,190460.9375
83.497,192615.375
83.577,193416.125
83.697,195761.9375
83.777,197273.125
83.897,199301.125
83.977,200333.78125
84.09700000000001,202487.5
84.177,203092.84375
84.297,205425.4375
84.37700000000001,206484.46875
84.497,208602.125
84.577,209760.9375
84.697,212106.28125
84.777,213430.3125
84.897,216032.71875
84.976,217423.03125
85.096,220229.75
85.176,220858.875
85.296,223377.96875
85.376,224662.1875
85.49600000000001,227114.625
85.57600000000001,228859.96875
85.696,231188.375
85.77600000000001,232661.65625
85.896,235222.625
85.976,236991.5
86.096,239606.15625
86.176,241012.6875
86.296,243845.4375
86.376,245366.28125
86.49600000000001,247917.75
86.57600000000001,249511.25
86.696,252717.21875
86.77600000000001,254535.15625
86.896,257252.6875
86.976,258160.5
87.096,261946.875
87.176,263705.46875
87.296,266573.8125
87.376,268200.9375
87.49600000000001,271974.53125
87.57600000000001,273870.25
87.696,277786.375
87.77600000000001,278809.375
87.896,282481.46875
87.976,283840.625
88.096,284409.4375
88.176,284228.90625
88.296,284436.53125
88.376,284436.53125
88.49600000000001,284436.53125
88.575,284458.5
88.69500000000002,284458.5
88.775,284458.5
88.89500000000001,284458.5
88.97500000000001,284250.84375
89.095,284250.84375
89.17500000000001,284250.84375
89.295,284250.84375
89.375,284250.84375
89.495,284250.84375
89.575,284250.84375
89.69500000000002,284250.84375
89.775,284070.28125
89.89500000000001,284070.28125
89.97500000000001,283299.84375
90.095,283299.84375
90.17500000000001,283299.84375
90.295,283299.84375
90.375,283299.84375
90.495,283299.84375
90.575,283299.84375
90.69500000000002,283299.84375
90.775,283480.34375
90.89500000000001,283480.34375
90.97500000000001,283480.34375
91.095,283480.34375
91.17500000000001,283480.34375
91.295,283480.34375
91.375,283480.34375
91.495,283480.34375
91.575,283480.34375
91.69500000000002,283480.34375
91.775,283480.34375
91.89500000000001,283320.625
91.97500000000001,283320.625
92.095,283320.625
92.174,283320.625
92.29400000000001,283320.625
92.37400000000001,283320.625
92.494,283320.625
92.574,283320.625
92.694,283320.625
92.774,283320.625
92.894,283320.625
92.974,283320.625
93.09400000000001,283320.625
93.174,283320.625
93.29400000000001,283320.625
93.37400000000001,283320.625
93.494,283320.625
93.574,283320.625
93.694,283320.625
93.774,283320.625
93.894,283320.625
93.974,283320.625
94.09400000000001,283320.625
94.174,283320.625
94.29400000000001,283320.625
94.37400000000001,283320.625
94.494,283320.625
94.574,283320.625
94.694,283320.625
94.774,283320.625
94.894,283320.625
94.974,283887.53125
95.09400000000001,283887.53125
95.174,283887.53125
95.29400000000001,283887.53125
95.37400000000001,283887.53125
95.494,283887.53125
95.574,283887.53125
95.694,283887.53125
95.77300000000001,283887.53125
95.893,283887.53125
95.973,283887.53125
96.093,283887.53125
96.173,283887.53125
96.293,283887.53125
96.373,283887.53125
96.49300000000001,283887.53125
96.57300000000001,283887.53125
96.693,283887.53125
96.77300000000001,283887.53125
96.893,283887.53125
96.973,283887.53125
97.093,283887.53125
97.173,283887.53125
97.293,283887.53125
97.373,283887.53125
97.49300000000001,283887.53125
97.57300000000001,283887.53125
97.693,283887.53125
97.77300000000001,283887.53125
97.893,283887.53125
97.973,283887.53125
98.093,283887.53125
98.173,283887.53125
98.293,283887.53125
98.373,283887.53125
98.49300000000001,283887.53125
98.57300000000001,283887.53125
98.693,283320.625
98.77300000000001,283887.53125
98.893,283887.53125
98.973,283887.53125
99.093,283887.53125
99.173,283887.53125
99.293,283887.53125
99.372,283887.53125
99.492,283887.53125
99.572,283887.53125
99.692,283887.53125
99.772,283887.53125
99.89200000000001,283887.53125
99.97200000000001,284091.125
100.092,284091.125
100.17200000000001,284091.125
100.292,284091.125
100.372,284064.0625
100.492,284064.0625
100.572,284064.0625
100.692,284064.0625
100.772,284871.8125
100.89200000000001,281728.0625
100.97200000000001,267734.59375
114.36800000000001,285886.46875
114.56800000000001,283721.0625
114.688,283781.8125
114.768,283076.875
114.888,283130.625
114.968,284379.96875
115.08800000000001,283994.4375
115.168,283994.4375
115.28800000000001,283994.4375
115.36800000000001,283940.4375
115.488,284328.5625
115.56800000000001,284328.5625
115.688,284488.28125
115.768,284488.28125
115.888,285081.46875
115.968,284332.125
116.08800000000001,284485.59375
116.168,284485.59375
116.28800000000001,284485.59375
116.36800000000001,284485.59375
116.488,284100.1875
116.56800000000001,284485.59375
116.688,284100.1875
116.768,284100.1875
116.888,284100.1875
116.968,284485.59375
117.08800000000001,284485.59375
117.168,284485.59375
117.28800000000001,284485.59375
117.36800000000001,284485.59375
117.48700000000001,284485.59375
117.567,284485.59375
117.68700000000001,284485.59375
117.76700000000001,284485.59375
117.887,284485.59375
117.967,284485.59375
118.087,284485.59375
118.167,284485.59375
118.367,283896.5
118.48700000000001,284485.59375
118.567,283896.5
118.68700000000001,283896.5
118.76700000000001,283896.5
119.167,283950.5
119.287,284132.28125
122.08600000000001,284096.25
122.16600000000001,284277.9375
122.286,284097.375
122.366,284277.9375
122.486,284277.9375
122.566,284277.9375
122.686,284277.9375
122.766,284277.9375
122.88600000000001,284277.9375
122.96600000000001,284097.375
123.08600000000001,284097.375
123.16600000000001,284097.375
123.286,284097.375
123.366,284097.375
123.486,284097.375
123.566,284097.375
123.686,284097.375
123.766,284097.375
123.88600000000001,284097.375
123.96600000000001,284097.375
124.08600000000001,284097.375
124.16600000000001,284097.375
124.286,284250.84375
124.366,284250.84375
124.486,284250.84375
124.566,284250.84375
124.685,284250.84375
124.765,284250.84375
124.885,284250.84375
124.965,283915.6875
125.08500000000001,283915.6875
125.165,283466.25
125.28500000000001,281781.5625
125.36500000000001,280003.46875
125.485,277871.1875
125.56500000000001,275280.0
125.685,272447.0
125.765,270501.09375
125.885,267709.09375
125.965,265585.6875
126.08500000000001,262326.0625
126.165,260785.875
126.28500000000001,257752.21875
126.36500000000001,255855.6875
126.485,253408.46875
126.56500000000001,251485.875
126.685,248786.8125
126.765,247025.9375
126.885,244805.3125
126.965,242575.90625
127.08500000000001,239916.09375
127.165,238586.53125
127.28500000000001,236039.40625
127.36500000000001,234223.5625
127.485,231379.875
127.56500000000001,229771.125
127.685,227721.21875
127.765,226177.8125
127.885,223838.40625
127.965,222637.125
128.085,219919.0625
128.165,219050.375
128.28400000000002,216174.125
128.364,215284.1875
128.484,212537.125
128.564,211166.625
128.684,208879.9375
128.764,207582.03125
128.88400000000001,205809.0
128.964,204609.0625
129.084,202409.4375
129.16400000000002,200827.25
129.28400000000002,198954.375
129.364,197843.9375
129.484,195891.5
129.564,194605.4375
129.684,192495.5625
129.764,191376.375
129.88400000000001,189609.3125
129.964,188925.9375
130.084,186696.84375
130.16400000000002,185079.3125
130.28400000000002,183499.84375
130.364,182596.71875
130.484,180703.09375
130.564,179420.09375
130.684,177924.4375
130.764,176704.75
130.88400000000001,175556.15625
130.964,174158.09375
131.084,172773.09375
131.16400000000002,172909.6875
131.28400000000002,172909.6875
131.364,172888.15625
131.484,172751.0
131.564,172893.0625
131.684,172751.0
131.764,172751.0
131.884,172751.0
131.963,172751.0
132.083,172751.0
132.163,172751.0
132.28300000000002,172751.0
132.363,172751.0
132.483,172751.0
132.56300000000002,172751.0
132.683,172767.625
132.763,172767.625
132.883,172767.625
132.963,172777.5
133.083,173114.1875
133.163,172760.8125
133.28300000000002,172789.125
133.363,172457.25
133.483,172605.09375
133.56300000000002,172746.125
133.683,172605.09375
133.763,172605.09375
133.883,172605.09375
133.963,172605.09375
134.083,172605.09375
134.163,172605.09375
134.28300000000002,172605.09375
134.363,172766.59375
134.483,172908.65625
134.56300000000002,172760.8125
134.683,172902.84375
134.763,172782.25
134.883,172500.125
134.963,173263.34375
135.083,173263.34375
135.163,173263.34375
135.28300000000002,173263.34375
135.363,173263.34375
135.483,172959.5625
135.562,172959.5625
135.68200000000002,172959.5625
135.762,172959.5625
135.882,172959.5625
135.96200000000002,172959.5625
136.082,172959.5625
136.162,172944.75
136.482,172798.9375
136.562,173100.6875
136.68200000000002,172937.125
136.762,172816.5625
136.882,172958.625
136.96200000000002,172958.625
137.082,172958.625
137.162,172532.4375
137.282,172515.78125
137.362,172515.78125
137.482,172515.78125
137.562,172941.96875
137.68200000000002,172787.0
137.762,173224.15625
137.882,172797.96875
137.96200000000002,172797.96875
138.082,172797.96875
138.162,173082.09375
138.282,173082.09375
138.362,173082.09375
138.482,172941.0
138.562,172941.0
138.68200000000002,172941.0
138.762,173082.09375
138.882,172941.0
138.96200000000002,172962.46875
139.082,172941.0
139.161,172778.4375
139.281,172941.0
139.36100000000002,173103.5625
139.481,173103.5625
139.561,173082.09375
139.681,172911.3125
139.761,173244.65625
139.881,173223.1875
139.961,173096.125
140.061,173096.125
140.181,173260.0
140.261,173379.28125
140.381,173379.28125
140.461,173379.28125
140.58100000000002,173379.28125
140.66,173379.28125
140.78,173379.28125
140.86,173379.28125
140.98000000000002,173379.28125
141.06,173379.28125
141.18,173379.28125
141.26000000000002,173379.28125
141.38,173379.28125
141.46,173237.1875
141.58,173237.1875
141.66,173253.65625
142.86,173146.5
142.98000000000002,173146.5
143.06,173146.5
143.18,173146.5
143.26000000000002,173146.5
143.38,173146.5
143.46,173146.5
143.58,173146.5
143.66,173146.5
143.78,173146.5
143.86,173146.5
143.98000000000002,173146.5
144.06,173146.5
144.18,173146.5
144.259,173305.375
144.37900000000002,173146.5
144.459,173146.5
144.579,173146.5
144.65900000000002,173146.5
144.779,173305.375
144.859,173305.375
144.979,173606.40625
145.059,173606.40625
145.179,173606.40625
145.259,173606.40625
145.37900000000002,173447.53125
145.459,173447.53125
145.579,173447.53125
145.65900000000002,173447.53125
145.779,173447.53125
145.859,173447.53125
145.979,173447.53125
146.059,173447.53125
146.179,173447.53125
146.259,173447.53125
146.37900000000002,173447.53125
146.459,173447.53125
146.579,173447.53125
146.65900000000002,173447.53125
146.779,173447.53125
146.859,173447.53125
146.979,173447.53125
147.059,173179.9375
147.179,173179.9375
147.259,173179.9375
147.37900000000002,173179.9375
147.459,173179.9375
147.579,173179.9375
147.65900000000002,173179.9375
147.779,173179.9375
147.858,173142.75
147.978,173142.75
148.05800000000002,173142.75
148.178,173142.75
148.258,173142.75
148.378,173142.75
148.458,173142.75
148.578,173142.75
148.65800000000002,173142.75
148.77800000000002,173142.75
148.858,173142.75
148.978,173142.75
149.05800000000002,173142.75
149.178,173142.75
149.258,173142.75
149.378,173142.75
149.458,173142.75
149.578,173164.25
149.65800000000002,173164.25
149.77800000000002,173164.25
149.858,173164.25
149.978,173164.25
150.05800000000002,173164.25
150.178,173164.25
150.258,173164.25
150.378,173142.75
150.458,173142.75
150.578,172958.625
150.65800000000002,172958.625
150.77800000000002,172958.625
150.858,172958.625
150.978,172958.625
151.05800000000002,172958.625
151.178,172958.625
151.258,172958.625
151.378,173142.75
151.457,173142.75
151.577,173126.0625
151.657,173126.0625
151.77700000000002,173251.5
151.857,173251.5
151.977,173126.0625
152.05700000000002,173126.0625
152.17700000000002,173126.0625
152.257,172963.46875
152.377,172963.46875
152.457,172963.46875
152.577,172963.46875
152.657,172963.46875
152.77700000000002,172963.46875
152.857,173212.21875
152.977,173513.125
153.05700000000002,173513.125
153.17700000000002,173513.125
153.257,173513.125
153.377,173513.125
153.457,173513.125
153.577,173513.125
153.657,173513.125
153.77700000000002,173513.125
153.857,173513.125
153.977,173513.125
154.05700000000002,173513.125
154.17700000000002,173513.125
154.257,173513.125
154.377,173307.375
154.457,173307.375
154.577,173513.125
154.657,173513.125
154.77700000000002,173513.125
154.857,173513.125
154.977,173513.125
155.056,173513.125
155.17600000000002,173513.125
155.256,173328.9375
155.376,173513.125
155.45600000000002,173513.125
155.576,173513.125
155.656,173513.125
155.776,173556.25
155.856,173556.25
155.976,173556.25
156.056,173305.375
156.17600000000002,173305.375
156.256,173305.375
156.376,173305.375
156.45600000000002,173305.375
156.576,173305.375
156.656,173305.375
156.776,173305.375
156.856,173305.375
156.976,173305.375
157.056,173305.375
157.17600000000002,173447.53125
157.256,173447.53125
157.376,173447.53125
157.45600000000002,173447.53125
157.576,173305.375
157.656,173305.375
157.776,173305.375
157.856,173185.75
157.976,173185.75
158.056,173185.75
158.17600000000002,173185.75
158.256,173185.75
158.376,173185.75
158.45600000000002,173185.75
158.576,173185.75
158.655,173185.75
158.775,173185.75
158.85500000000002,173185.75
158.975,173185.75
159.055,173185.75
159.175,173185.75
159.255,173185.75
159.375,173185.75
159.455,173185.75
159.57500000000002,173185.75
159.655,173185.75
159.775,173043.5625
159.85500000000002,173043.5625
159.975,173043.5625
160.055,173043.5625
160.175,173043.5625
160.255,173043.5625
160.375,172696.90625
160.455,172696.90625
160.57500000000002,172696.90625
160.655,172696.90625
160.775,172696.90625
160.85500000000002,172696.90625
160.975,172374.6875
161.055,172374.6875
161.175,172374.6875
161.255,172374.6875
161.375,172374.6875
161.455,172374.6875
161.57500000000002,172374.6875
161.655,172516.75
161.775,172374.6875
161.85500000000002,172232.625
161.975,172232.625
162.055,172232.625
162.175,172516.75
162.25400000000002,172679.28125
162.374,172967.25
162.454,173306.40625
162.574,172967.25
162.654,173306.40625
162.774,173284.875
162.854,173382.9375
162.97400000000002,173382.9375
163.054,173382.9375
163.174,173382.9375
163.25400000000002,173382.9375
163.374,173382.9375
163.454,173382.9375
163.574,173382.9375
163.654,173382.9375
163.774,173382.9375
163.854,173198.75
163.97400000000002,173198.75
164.054,173198.75
164.174,173665.1875
164.25400000000002,173665.1875
164.374,173665.1875
164.454,173665.1875
164.574,173665.1875
164.654,173665.1875
164.774,173665.1875
164.854,173665.1875
164.97400000000002,173665.1875
165.054,173665.1875
165.174,173665.1875
165.25400000000002,173665.1875
165.374,173665.1875
165.454,173567.125
165.574,173567.125
165.654,173403.5
165.774,173403.5
165.853,173403.5
165.973,173403.5
166.053,173403.5
166.173,173403.5
166.253,173283.875
166.37300000000002,173305.375
166.453,173121.25
166.573,173121.25
166.65300000000002,173262.375
166.773,172962.46875
166.853,173104.5625
166.973,173104.5625
167.053,173104.5625
167.173,173104.5625
167.253,173104.5625
167.37300000000002,173104.5625
167.453,173104.5625
167.573,173104.5625
167.65300000000002,173104.5625
167.773,172920.46875
167.853,173294.5625
167.973,173294.5625
168.053,173294.5625
168.173,173294.5625
168.253,173294.5625
168.37300000000002,173311.25
168.453,173311.25
168.573,173311.25
168.65300000000002,173311.25
168.773,173311.25
168.853,173311.25
168.973,173311.25
169.053,173311.25
169.173,173294.5625
169.253,173294.5625
169.37300000000002,173294.5625
169.453,173289.71875
169.572,173289.71875
169.65200000000002,173289.71875
169.77200000000002,173289.71875
169.852,173289.71875
169.972,173289.71875
170.05200000000002,173289.71875
170.172,173289.71875
170.252,173289.71875
170.372,173164.25
170.452,173164.25
170.572,173164.25
170.65200000000002,173164.25
170.77200000000002,172839.0
170.852,172839.0
170.972,172839.0
171.05200000000002,172839.0
171.172,172958.625
171.252,172958.625
171.372,172958.625
171.452,172958.625
171.572,172958.625
171.65200000000002,172958.625
171.77200000000002,172958.625
171.852,172958.625
171.972,172958.625
172.05200000000002,172925.3125
172.172,172925.3125
172.252,172925.3125
172.372,172925.3125
172.452,172925.3125
172.572,172925.3125
172.65200000000002,172925.3125
172.77200000000002,172925.3125
172.852,172777.5
172.972,172777.5
173.05200000000002,172777.5
173.17100000000002,172919.53125
173.251,172777.5
173.371,172777.5
173.45100000000002,173004.34375
173.571,172777.5
173.651,173182.0625
173.77100000000002,173546.5625
173.851,173655.21875
173.971,173655.21875
174.05100000000002,173546.5625
174.17100000000002,173546.5625
174.251,173546.5625
174.371,173546.5625
174.45100000000002,173655.21875
174.571,173655.21875
174.651,173655.21875
174.77100000000002,173655.21875
174.851,173797.3125
174.971,173797.3125
175.05100000000002,173655.21875
175.17100000000002,173655.21875
175.251,173655.21875
175.371,173372.0625
175.45100000000002,173263.34375
175.571,173263.34375
175.651,173263.34375
175.77100000000002,173263.34375
175.851,173263.34375
175.971,173263.34375
176.05100000000002,173263.34375
176.17100000000002,173263.34375
176.251,173263.34375
176.371,173263.34375
176.45100000000002,173263.34375
176.571,173263.34375
176.651,173263.34375
176.77,173263.34375
176.85,173263.34375
176.97,173263.34375
177.05,173263.34375
177.17000000000002,173263.34375
177.25,173263.34375
177.37,173246.65625
177.45000000000002,173246.65625
177.57000000000002,173246.65625
177.65,173589.6875
177.77,173748.71875
177.85,174421.46875
177.97,175852.1875
178.05,177084.46875
178.17000000000002,178372.6875
178.25,179197.6875
178.37,181467.4375
178.45000000000002,182886.0
178.57000000000002,184185.5
178.65,185632.15625
178.77,187120.0625
178.85000000000002,188476.9375
178.97,190054.15625
179.05,191409.6875
179.17000000000002,193405.6875
179.25,194420.71875
179.37,196401.125
179.45000000000002,197704.46875
179.57000000000002,199537.375
179.65,201149.53125
179.77,203075.09375
179.85000000000002,203910.0625
179.97,206145.25
180.05,207426.1875
180.17000000000002,209724.5
180.25,211041.09375
180.37,213224.375
180.449,214824.4375
180.56900000000002,216858.125
180.649,218373.25
180.769,220617.875
180.84900000000002,222185.5
180.96900000000002,224443.46875
181.049,226016.3125
181.169,228108.375
181.249,229449.9375
181.369,231722.0
181.449,233522.1875
181.56900000000002,235853.75
181.649,237949.75
181.769,240453.375
181.84900000000002,242501.21875
181.96900000000002,244778.125
182.049,246292.84375
182.169,249036.46875
182.249,251011.9375
182.369,253542.25
182.449,255355.6875
182.56900000000002,258225.1875
182.649,259884.6875
182.769,262477.90625
182.84900000000002,265225.625
182.96900000000002,268138.5625
183.049,269850.875
183.169,272547.59375
183.249,274964.0
183.369,277982.125
183.449,280665.6875
183.56900000000002,283100.5625
183.649,283567.96875
183.769,284083.28125
183.84900000000002,284061.3125
183.96800000000002,284061.3125
184.048,284061.3125
184.168,284061.3125
184.24800000000002,284034.28125
184.368,284034.28125
184.448,284007.25
184.568,283923.5
184.648,284083.28125
184.768,284083.28125
184.848,284083.28125
184.96800000000002,283875.78125
185.048,283848.75
185.168,283848.75
185.24800000000002,283848.75
185.368,283848.75
185.448,283848.75
185.568,283848.75
185.648,283848.75
185.768,283848.75
185.848,283848.75
185.96800000000002,283848.75
186.048,283848.75
186.168,283848.75
186.24800000000002,283848.75
186.368,283848.75
186.448,283848.75
186.568,283848.75
186.648,283848.75
186.768,283848.75
186.848,283848.75
186.96800000000002,283848.75
187.048,283848.75
187.168,283848.75
187.24800000000002,283848.75
187.368,283848.75
187.448,283848.75
187.568,283848.75
187.64700000000002,283848.75
187.767,283848.75
187.847,284256.0
187.967,284256.0
188.047,284256.0
188.167,284256.0
188.247,284256.0
188.36700000000002,284256.0
188.447,284256.0
188.567,284256.0
188.64700000000002,284256.0
188.767,284256.0
188.847,284256.0
188.967,284256.0
189.047,284256.0
189.167,284256.0
189.247,284256.0
189.36700000000002,284256.0
189.447,284256.0
189.567,284256.0
189.64700000000002,284256.0
189.767,284256.0
189.847,284256.0
189.967,284256.0
190.047,284256.0
190.167,284256.0
190.247,284256.0
190.36700000000002,284256.0
190.447,284256.0
190.567,284256.0
190.64700000000002,284256.0
190.767,284256.0
190.847,284256.0
190.967,284256.0
191.047,284256.0
191.167,284256.0
191.246,284256.0
191.366,284256.0
191.446,284256.0
191.566,284256.0
191.64600000000002,284256.0
191.76600000000002,284256.0
191.846,284256.0
191.966,284409.4375
192.04600000000002,284256.0
192.166,283681.6875
192.246,284386.3125
192.366,284386.3125
192.446,284386.3125
192.566,284408.3125
192.64600000000002,284023.0
192.76600000000002,284023.0
192.846,284074.3125
192.966,284074.3125
193.04600000000002,284074.3125
193.166,283326.8125
193.246,283507.3125
193.366,283892.625
193.446,283892.625
193.566,283892.625
193.64600000000002,283892.625
193.76600000000002,283892.625
193.846,283892.625
193.966,283710.9375
194.04600000000002,283187.8125
194.166,283892.625
194.246,283892.625
194.366,283892.625
194.446,283892.625
194.566,283892.625
194.64600000000002,283892.625
194.76600000000002,283892.625
194.845,283892.625
194.965,283892.625
195.04500000000002,283892.625
195.16500000000002,283689.0
195.245,283689.0
195.365,283689.0
195.44500000000002,283710.9375
195.565,283683.9375
195.645,283683.9375
195.76500000000004,283683.9375
195.845,283683.9375
195.965,283683.9375
196.04500000000002,283683.9375
196.16500000000002,283683.9375
196.245,283683.9375
196.365,283656.9375
196.44500000000002,283656.9375
196.565,283656.9375
196.645,283656.9375
196.76500000000004,283656.9375
196.845,283656.9375
196.965,283843.65625
197.04500000000002,284334.3125
197.16500000000002,277693.28125
208.96200000000002,285938.75
209.162,284022.6875
209.241,283761.03125
209.36200000000002,284149.1875
209.441,283716.0
209.561,284172.59375
209.64100000000002,285026.3125
209.76100000000002,282656.25
209.841,283350.78125
209.961,284536.84375
210.041,282973.03125
210.161,284240.25
210.241,283992.875
210.36100000000002,283992.875
210.441,283992.875
210.561,283992.875
210.64100000000002,283992.875
210.76100000000002,284354.0625
210.841,283379.5
210.961,283560.0
211.161,283831.875
211.241,283831.875
211.36100000000002,283831.875
211.441,283831.875
211.561,283831.875
211.64100000000002,283831.875
211.76100000000002,283831.875
212.041,283835.8125
212.161,283835.8125
212.241,283835.8125
212.441,283697.90625
212.96,284576.09375
213.04000000000002,284576.09375
213.16,284532.15625
213.24,284190.3125
213.36,284372.21875
213.44,284554.125
213.56,284917.9375
213.64000000000004,285121.8125
216.559,284191.53125
216.959,284707.75
217.03900000000002,284707.75
217.15900000000002,284707.75
217.239,284707.75
217.359,284707.75
217.43900000000002,284707.75
217.559,284324.4375
217.639,284478.03125
217.759,284478.03125
217.839,284318.15625
217.959,284318.15625
218.03900000000002,284318.15625
218.15900000000002,284476.84375
218.239,284476.84375
218.359,284323.21875
218.43900000000002,284323.21875
218.559,284317.0
218.639,284497.6875
218.759,283700.625
218.839,283079.8125
218.959,280824.375
219.03900000000002,278760.84375
219.15900000000002,274894.40625
219.239,273669.34375
219.359,270148.84375
219.43900000000002,268638.5625
219.559,265977.1875
219.639,263634.46875
219.759,261523.3125
219.839,259151.5
219.959,255730.6875
220.038,253871.28125
220.15800000000002,251655.75
220.238,249591.03125
220.358,246717.28125
220.43800000000002,245086.25
220.55800000000002,242584.75
220.638,241062.5
220.758,238336.375
220.83800000000002,236922.90625
220.958,234203.84375
221.038,232635.9375
221.15800000000002,229820.1875
221.238,228960.8125
221.358,226535.0
221.43800000000002,224297.34375
221.55800000000002,222248.1875
221.638,221294.625
221.758,218714.4375
221.83800000000002,216856.375
221.958,214812.8125
222.038,213187.8125
222.15800000000002,210836.375
222.238,209970.0
222.358,207598.3125
222.43800000000002,206115.21875
222.55800000000002,204435.46875
222.638,203055.25
222.758,200861.125
222.83800000000002,199948.25
222.958,198006.75
223.038,196796.1875
223.15800000000002,194513.0625
223.238,193270.8125
223.358,191620.25
223.43800000000002,190483.71875
223.55800000000002,188886.0
223.637,187658.0625
223.757,185185.9375
223.83700000000002,184466.5625
223.95700000000002,182413.5
224.037,181309.875
224.157,179584.71875
224.23700000000002,178495.0625
224.357,177015.03125
224.437,176088.25
224.55700000000002,174175.78125
224.637,173499.5625
224.757,171733.96875
224.83700000000002,171079.0
224.95700000000002,168897.6875
225.037,168324.71875
225.437,163019.84375
225.637,161326.5625
225.757,161067.5
225.83700000000002,160914.53125
225.95700000000002,160914.53125
226.037,160914.53125
226.157,160914.53125
226.23700000000002,160914.53125
226.357,160914.53125
226.437,160914.53125
226.55700000000002,160914.53125
226.637,160777.625
226.757,160777.625
226.83700000000002,160777.625
226.95700000000002,160777.625
227.037,160777.625
227.157,160777.625
227.23600000000002,160777.625
227.35600000000002,160777.625
227.436,160777.625
227.556,160777.625
227.63600000000002,160777.625
227.756,160777.625
227.836,160336.84375
227.95600000000002,160336.84375
228.036,160336.84375
228.156,160336.84375
228.23600000000002,160336.84375
228.35600000000002,160336.84375
228.436,160336.84375
228.556,160336.84375
228.63600000000002,160195.25
228.756,160195.25
228.836,160472.71875
228.95600000000002,160080.03125
229.036,160080.03125
229.156,160080.03125
229.23600000000002,160080.03125
229.35600000000002,160080.03125
229.436,160080.03125
229.556,160174.5625
229.63600000000002,160174.5625
229.756,160174.5625
229.836,160174.5625
229.95600000000002,160174.5625
230.036,160311.40625
230.156,160311.40625
230.23600000000002,160311.40625
230.35600000000002,160311.40625
230.436,160311.40625
230.556,160311.40625
230.63600000000002,160311.40625
230.756,160311.40625
230.836,160311.40625
230.955,160311.40625
231.03500000000003,160311.40625
231.155,160311.40625
231.235,160311.40625
231.35500000000002,160311.40625
231.435,160311.40625
231.555,160311.40625
231.63500000000002,160311.40625
231.75500000000002,160311.40625
231.835,160311.40625
231.955,160311.40625
232.03500000000003,160174.5625
232.155,160053.71875
232.235,160053.71875
232.35500000000002,160215.9375
232.435,160215.9375
232.555,160215.9375
232.63500000000002,160215.9375
232.75500000000002,160095.03125
232.835,159750.9375
232.955,159750.9375
233.03500000000003,159771.625
233.155,159771.625
233.235,159886.8125
233.35500000000002,159886.8125
233.435,159886.8125
233.555,159886.8125
233.63500000000002,159886.8125
233.75500000000002,160092.1875
233.835,159665.625
233.955,159649.6875
234.03500000000003,159649.6875
234.155,159764.96875
234.235,159901.8125
234.35500000000002,159901.8125
234.435,159901.8125
234.554,159901.8125
234.634,159901.8125
234.75400000000002,159901.8125
234.834,159901.8125
234.954,159901.8125
235.03400000000002,159901.8125
235.15400000000002,159901.8125
235.234,160058.375
235.354,160058.375
235.434,160058.375
235.554,160058.375
235.634,160058.375
235.75400000000002,160058.375
235.834,160058.375
235.954,160058.375
236.03400000000002,160058.375
236.15400000000002,160152.96875
236.234,160152.96875
236.354,160037.71875
236.434,160174.5625
236.554,160037.71875
236.634,160037.71875
236.75400000000002,160037.71875
236.834,160037.71875
236.954,160037.71875
237.03400000000002,160037.71875
237.15400000000002,160037.71875
237.234,160037.71875
237.354,160152.96875
237.434,160037.71875
237.554,160037.71875
237.634,160080.03125
237.75400000000002,160080.03125
239.553,160084.75
239.633,160084.75
239.753,160084.75
239.833,160084.75
239.953,160084.75
240.03300000000002,160084.75
240.15300000000002,160084.75
240.233,160084.75
240.353,160084.75
240.43300000000002,160084.75
240.55300000000003,160064.0625
240.633,160064.0625
240.753,160064.0625
240.833,160064.0625
240.953,160064.0625
241.03300000000002,160064.0625
241.15300000000002,160064.0625
241.233,160064.0625
241.353,160064.0625
241.43300000000002,160064.0625
241.55300000000003,160064.0625
241.633,160064.0625
241.753,160064.0625
241.83200000000002,160064.0625
241.952,160064.0625
242.032,160064.0625
242.15200000000002,160064.0625
242.232,160064.0625
242.352,160064.0625
242.43200000000002,160064.0625
242.55200000000002,160064.0625
242.632,160064.0625
242.752,160064.0625
245.95100000000002,160294.4375
246.031,160294.4375
246.95100000000002,159842.8125
247.031,159842.8125
247.151,159937.5
247.23100000000002,159937.5
247.351,159937.5
247.431,159937.5
247.55100000000002,159937.5
247.631,159937.5
247.751,159978.75
247.83100000000002,160048.09375
247.95100000000002,160048.09375
248.031,160048.09375
248.151,160048.09375
248.23100000000002,160048.09375
248.351,160048.09375
248.431,160048.09375
248.55100000000002,160027.40625
248.631,160027.40625
248.751,160027.40625
248.83100000000002,160027.40625
248.95100000000002,160027.40625
249.03,160027.40625
249.15,160027.40625
249.23000000000002,160027.40625
249.35000000000002,160027.40625
249.43,160027.40625
249.55,160027.40625
249.63000000000002,160027.40625
249.75,160027.40625
249.83,160027.40625
249.95000000000002,160027.40625
250.03,160027.40625
250.15,160027.40625
250.23000000000002,160027.40625
250.35000000000002,160027.40625
250.43,159870.875
250.55,160075.3125
250.63000000000002,160196.21875
250.75,160196.21875
250.83,160196.21875
250.95000000000002,160196.21875
251.03,160196.21875
251.15,160196.21875
251.23000000000002,160196.21875
251.35000000000002,160196.21875
251.43,160196.21875
251.55,160196.21875
251.63000000000002,160196.21875
251.75,160196.21875
251.83,160196.21875
251.95000000000002,160212.1875
252.03,160212.1875
252.15,160096.96875
252.23000000000002,160096.96875
252.35000000000002,160311.40625
252.43,160311.40625
252.55,159907.5
252.62900000000002,159907.5
252.74900000000002,159928.1875
252.829,159665.625
252.949,159823.15625
253.02900000000002,159665.625
253.149,159665.625
253.229,159665.625
253.34900000000002,159786.5625
253.429,159922.46875
253.549,159803.4375
253.62900000000002,160043.375
253.74900000000002,159922.46875
253.829,160080.03125
253.949,160060.3125
254.02900000000002,159787.53125
254.149,160059.34375
256.628,160044.375
256.82800000000003,160215.9375
257.028,160589.875
257.148,160589.875
257.228,160589.875
257.82800000000003,159822.1875
257.94800000000004,159822.1875
258.028,159822.1875
258.148,159822.1875
258.228,159822.1875
258.348,159822.1875
258.428,159822.1875
258.548,159822.1875
258.628,159822.1875
258.748,159822.1875
258.82800000000003,159822.1875
258.94800000000004,159822.1875
259.028,159822.1875
259.148,159822.1875
259.228,159822.1875
259.348,159822.1875
259.428,159822.1875
259.548,159822.1875
259.628,159842.8125
259.748,159842.8125
259.827,159842.8125
259.947,159842.8125
260.027,159842.8125
260.147,159842.8125
260.22700000000003,159842.8125
260.34700000000004,159842.8125
260.427,159842.8125
260.547,159963.78125
260.627,159963.78125
260.747,159963.78125
260.827,159963.78125
260.947,159963.78125
261.027,159963.78125
261.147,159963.78125
261.22700000000003,159963.78125
261.34700000000004,159963.78125
261.427,159963.78125
261.547,159960.0625
261.627,160096.0
261.747,160116.6875
261.827,160116.6875
261.947,160096.0
262.027,160096.0
262.147,160096.0
262.22700000000003,160075.3125
262.34700000000004,160075.3125
262.427,160075.3125
262.547,160075.3125
262.627,160075.3125
262.747,160075.3125
262.827,159786.5625
262.947,159786.5625
263.027,159786.5625
263.147,159900.875
263.22700000000003,159806.21875
263.34700000000004,159826.84375
263.426,159822.1875
263.546,159842.8125
263.62600000000003,159842.8125
263.74600000000004,160099.6875
263.826,160121.40625
263.946,160121.40625
264.026,160121.40625
264.146,160121.40625
264.226,160121.40625
264.346,160121.40625
264.426,160121.40625
264.546,160121.40625
264.62600000000003,160121.40625
264.74600000000004,160121.40625
264.826,159984.4375
264.946,159963.78125
265.026,159963.78125
265.146,159901.8125
265.226,159922.46875
265.346,159901.8125
265.426,159901.8125
265.546,159901.8125
265.62600000000003,159901.8125
265.74600000000004,159901.8125
265.826,159901.8125
265.946,159790.25
266.026,160194.28125
266.146,159785.59375
266.226,160469.0
266.346,160469.0
266.426,160469.0
266.546,160333.09375
266.62600000000003,160478.5
266.74600000000004,160478.5
266.826,160478.5
266.946,160478.5
267.02500000000003,160363.40625
267.14500000000004,160395.34375
267.225,160374.59375
267.345,160395.34375
267.425,160510.5
267.545,160510.5
267.625,160510.5
267.745,160374.59375
267.825,160237.65625
267.945,160237.65625
268.02500000000003,160237.65625
268.14500000000004,160237.65625
268.225,160237.65625
268.345,160237.65625
268.425,160237.65625
268.545,160237.65625
268.625,160237.65625
268.745,160237.65625
268.825,160237.65625
268.945,160237.65625
269.02500000000003,160237.65625
269.14500000000004,160237.65625
269.225,160237.65625
269.345,160237.65625
269.425,160237.65625
269.545,160237.65625
269.625,160237.65625
269.745,160237.65625
269.825,160237.65625
269.945,160237.65625
270.02500000000003,160237.65625
270.14500000000004,160237.65625
270.225,160237.65625
270.345,160237.65625
270.425,160237.65625
270.545,160237.65625
270.624,160237.65625
270.744,160221.6875
270.824,160221.6875
270.944,160221.6875
271.024,160221.6875
271.144,160431.28125
271.224,160310.46875
271.344,160316.125
271.42400000000004,160195.25
271.54400000000004,160195.25
271.624,160195.25
271.744,160174.5625
271.824,160174.5625
271.944,160174.5625
272.024,160174.5625
272.144,160174.5625
272.224,160174.5625
272.344,160174.5625
272.42400000000004,160174.5625
272.54400000000004,160174.5625
272.624,160100.71875
272.744,160100.71875
274.543,160458.65625
274.623,160458.65625
274.743,160458.65625
274.82300000000004,160458.65625
274.94300000000004,160343.40625
275.023,160343.40625
275.143,160343.40625
275.223,160343.40625
275.343,160343.40625
275.423,160343.40625
275.543,160343.40625
275.623,160343.40625
275.743,160343.40625
275.82300000000004,160343.40625
275.94300000000004,160343.40625
276.023,160343.40625
276.143,160343.40625
276.223,160343.40625
276.343,160343.40625
276.423,160343.40625
276.543,160343.40625
276.623,160343.40625
276.743,160343.40625
276.82300000000004,160343.40625
276.94300000000004,160343.40625
277.023,160343.40625
277.143,160343.40625
277.223,160343.40625
277.343,160343.40625
277.423,160343.40625
277.543,160343.40625
277.623,160343.40625
277.743,160343.40625
277.822,159943.125
277.942,159807.21875
278.022,159807.21875
278.142,159807.21875
278.22200000000004,159807.21875
278.34200000000004,159807.21875
278.422,159807.21875
278.54200000000003,159787.53125
278.622,160037.71875
278.742,160037.71875
278.822,160037.71875
278.942,160037.71875
279.022,160037.71875
279.142,160037.71875
279.22200000000004,160037.71875
279.34200000000004,160037.71875
279.422,160037.71875
279.54200000000003,160037.71875
279.622,160037.71875
279.742,160037.71875
279.822,160037.71875
279.942,160037.71875
280.022,160037.71875
280.142,159827.875
280.22200000000004,159827.875
280.34200000000004,159827.875
280.422,159827.875
280.54200000000003,159827.875
280.622,159827.875
280.742,159827.875
280.822,159827.875
280.942,159827.875
281.022,159827.875
281.142,159827.875
281.22200000000004,159963.78125
281.34200000000004,159963.78125
281.422,159963.78125
281.541,160100.71875
281.62100000000004,160100.71875
281.741,160100.71875
281.821,160100.71875
281.94100000000003,160100.71875
282.021,159979.75
282.221,160173.625
282.341,160194.28125
282.421,160194.28125
282.541,160194.28125
282.62100000000004,160194.28125
282.741,160194.28125
282.821,160038.65625
282.94100000000003,160038.65625
283.021,160038.65625
283.141,160038.65625
283.221,160038.65625
283.341,160038.65625
283.421,160038.65625
283.541,160038.65625
283.62100000000004,160038.65625
283.741,160038.65625
283.821,160038.65625
283.94100000000003,160038.65625
284.021,160038.65625
284.141,160038.65625
284.221,160038.65625
284.341,160038.65625
284.421,160038.65625
284.541,160038.65625
284.62100000000004,160038.65625
284.741,160038.65625
284.821,160038.65625
284.94100000000003,160038.65625
285.021,160038.65625
285.14,160038.65625
285.22,160038.65625
285.34000000000003,160195.25
285.42,160195.25
285.54,160195.25
285.62,160195.25
285.74,160195.25
285.82,160195.25
285.94,160195.25
286.02000000000004,160195.25
286.14,160195.25
286.22,160195.25
286.34000000000003,160195.25
286.42,160195.25
286.54,160195.25
286.62,160195.25
286.74,160195.25
286.82,160332.125
286.94,160196.21875
287.02000000000004,160311.40625
287.14,160290.6875
287.22,160153.875
287.34000000000003,160153.875
287.42,160153.875
287.54,160153.875
287.62,160153.875
287.74,160153.875
287.82,160379.5
287.94,160379.5
288.02000000000004,160379.5
288.14,160379.5
288.22,160379.5
288.34000000000003,160243.6875
288.42,160400.25
288.54,159926.125
288.62,159633.75
288.73900000000003,159980.40625
288.819,159980.40625
288.939,159980.40625
289.019,159885.84375
289.139,159901.8125
289.219,159901.8125
289.339,159901.8125
289.41900000000004,160409.25
289.539,160973.6875
289.619,161647.21875
289.73900000000003,162987.40625
289.819,164010.875
289.939,165862.0
290.019,166866.375
290.139,168034.0
290.219,168959.8125
290.339,170719.875
290.41900000000004,171794.53125
290.539,173160.40625
290.619,174366.59375
290.73900000000003,175840.625
290.819,177167.6875
290.939,178903.0625
291.019,180135.1875
291.139,181718.5
291.339,184387.6875
291.41900000000004,185475.15625
291.539,187178.1875
291.619,188403.46875
291.73900000000003,190630.625
291.819,191548.90625
291.939,193175.59375
292.019,194817.5625
292.139,196541.5625
292.219,197954.875
292.338,199503.0
292.418,201248.03125
292.538,202945.5625
292.618,204376.6875
292.738,206359.3125
292.81800000000004,207605.03125
292.938,210056.625
293.018,210506.25
293.13800000000003,213087.625
293.218,214932.3125
293.338,217304.40625
293.418,218146.1875
293.538,220699.21875
293.618,222272.125
293.738,224377.125
293.81800000000004,226129.125
293.938,228081.90625
294.018,229306.9375
294.13800000000003,232719.0
294.218,233780.96875
294.338,236657.78125
294.418,238518.875
294.538,240608.59375
294.618,242262.09375
294.738,244869.0625
294.81800000000004,246309.75
294.938,249788.84375
295.018,251729.40625
295.13800000000003,254005.78125
295.218,256105.5
295.338,259000.9375
295.418,260473.375
295.538,263268.46875
295.618,265383.78125
295.738,268589.71875
295.81800000000004,270450.59375
295.937,273962.5625
296.017,275438.5625
296.137,278615.25
296.21700000000004,281097.46875
296.337,283045.21875
296.41700000000003,283777.84375
296.53700000000003,283923.5
296.617,283896.5
296.737,283714.78125
296.817,283918.46875
296.937,283918.46875
297.017,283918.46875
297.137,283918.46875
297.21700000000004,283918.46875
297.337,283918.46875
297.41700000000003,283891.46875
297.53700000000003,283891.46875
297.617,283891.46875
297.737,283918.46875
297.817,284462.4375
297.937,284462.4375
298.017,284462.4375
298.137,284462.4375
298.21700000000004,284462.4375
298.337,284462.4375
298.41700000000003,284435.375
298.53700000000003,284435.375
298.617,284435.375
298.737,284435.375
298.817,284435.375
298.937,284435.375
299.017,284462.4375
299.137,284435.375
299.21700000000004,284435.375
299.337,284435.375
299.41700000000003,284435.375
299.53700000000003,284435.375
299.61600000000004,284435.375
299.736,284435.375
299.81600000000003,284615.90625
299.93600000000004,284615.90625
300.016,284615.90625
300.136,284615.90625
300.216,284615.90625
300.336,284615.90625
300.416,284615.90625
300.536,284615.90625
300.61600000000004,284615.90625
300.736,284615.90625
300.81600000000003,284615.90625
300.93600000000004,284615.90625
301.016,284615.90625
301.136,284615.90625
301.216,284615.90625
301.336,284615.90625
301.416,284615.90625
301.536,284615.90625
301.61600000000004,284615.90625
301.736,284615.90625
301.81600000000003,284615.90625
301.93600000000004,284615.90625
302.016,284615.90625
302.136,284615.90625
302.216,284615.90625
302.336,284615.90625
302.416,284615.90625
302.536,284615.90625
302.61600000000004,284615.90625
302.736,284615.90625
302.81600000000003,284513.875
302.93600000000004,284513.875
303.016,284513.875
303.136,284513.875
303.21500000000003,284513.875
303.33500000000004,284513.875
303.415,284513.875
303.535,284513.875
303.615,284332.125
303.735,284332.125
303.815,284332.125
303.935,284332.125
304.015,284332.125
304.135,284332.125
304.21500000000003,284332.125
304.33500000000004,284332.125
304.415,284332.125
304.535,284332.125
304.615,284332.125
304.735,283992.875
304.815,283943.90625
304.935,283943.90625
305.015,283943.90625
305.135,283943.90625
305.21500000000003,283943.90625
305.33500000000004,283943.90625
305.415,283943.90625
305.535,283943.90625
305.615,283971.0
305.735,283971.0
305.815,283971.0
305.935,283943.90625
306.015,283943.90625
306.135,283943.90625
306.21500000000003,283943.90625
306.33500000000004,283943.90625
306.415,284124.46875
306.535,284277.9375
306.615,284277.9375
306.735,284097.375
306.814,284097.375
306.934,284097.375
307.014,284097.375
307.134,284097.375
307.214,284097.375
307.334,284097.375
307.414,284124.46875
307.534,284124.46875
307.61400000000003,284124.46875
307.73400000000004,283820.53125
307.814,284283.09375
307.934,284283.09375
308.014,284283.09375
308.134,284283.09375
308.214,284283.09375
308.334,284436.53125
308.414,284283.09375
308.534,284283.09375
308.61400000000003,284283.09375
308.73400000000004,284283.09375
308.814,284283.09375
308.934,284283.09375
309.014,284283.09375
309.134,284617.0625
309.214,284617.0625
309.334,284617.0625
309.414,284283.09375
309.534,284283.09375
309.61400000000003,284283.09375
309.73400000000004,284617.0625
309.814,284797.59375
309.934,284637.9375
310.014,283968.625
310.134,283578.15625
310.214,283941.59375
310.334,283941.59375
310.413,283941.59375
310.533,283941.59375
310.613,283941.59375
310.733,283941.59375
310.813,283941.59375
310.933,283941.59375
311.01300000000003,283941.59375
311.13300000000004,283941.59375
311.213,283941.59375
311.333,283941.59375
311.413,283941.59375
311.533,283941.59375
311.613,283551.1875
311.733,284557.5625
311.813,273393.65625
322.81,284498.5
322.93,285030.0
323.01,284719.1875
323.13,284484.375
323.21000000000004,284484.375
323.33000000000004,284484.375
323.41,284457.28125
323.5300000000001,284457.28125
323.61,284457.28125
323.73,283911.75
323.81,283911.75
323.93,283911.75
324.01,283911.75
324.13,284093.59375
324.21000000000004,284093.59375
324.33000000000004,284093.59375
324.41,284093.59375
324.5300000000001,284093.59375
324.61,284093.59375
324.73,284328.28125
324.809,284328.28125
324.92900000000003,284328.28125
325.009,284328.28125
325.129,284328.28125
325.209,284328.28125
325.329,284328.28125
325.409,284328.28125
325.529,284328.28125
325.60900000000004,284328.28125
325.72900000000004,284328.28125
325.809,284328.28125
325.92900000000003,284328.28125
326.009,284328.28125
326.129,284328.28125
326.209,284328.28125
326.329,284328.28125
326.409,284328.28125
326.529,284328.28125
326.60900000000004,284328.28125
326.72900000000004,284328.28125
326.809,284355.3125
326.92900000000003,284328.28125
327.009,284328.28125
327.129,283912.96875
328.408,284191.53125
328.528,284478.03125
328.608,284478.03125
328.728,284478.03125
328.808,284478.03125
328.928,284478.03125
329.00800000000004,284478.03125
329.12800000000004,284478.03125
329.208,284478.03125
329.32800000000003,284478.03125
329.408,284478.03125
329.528,284478.03125
329.608,284478.03125
329.728,284478.03125
329.808,284478.03125
329.928,284478.03125
330.00800000000004,283395.375
330.12800000000004,282259.125
330.208,279664.3125
330.32800000000003,277284.9375
330.408,275413.0625
330.528,272210.875
330.608,270421.875
330.728,267513.8125
330.808,265558.3125
330.928,261948.0
331.00800000000004,261067.4375
331.12800000000004,257726.375
331.208,255448.5
331.32800000000003,252682.0
331.408,251681.3125
331.528,249032.03125
331.608,247030.9375
331.728,243568.96875
331.808,242198.5625
331.928,240588.5
332.007,237907.71875
332.127,235557.125
332.207,234124.5625
332.327,231194.875
332.40700000000004,229894.6875
332.52700000000004,227811.625
332.607,226039.8125
332.72700000000003,223768.90625
332.807,222278.125
332.927,219901.125
333.007,218670.34375
333.127,216369.5
333.207,214683.34375
333.327,212836.1875
333.40700000000004,211459.625
333.52700000000004,209182.3125
333.607,207932.96875
333.72700000000003,205673.625
333.807,204288.25
333.927,202237.6875
334.007,200702.03125
334.127,198805.96875
334.207,197591.90625
334.327,195873.65625
334.40700000000004,194604.375
334.52700000000004,192621.875
334.607,191328.375
334.72700000000003,189927.09375
334.807,188270.6875
334.927,186491.375
335.007,185671.625
335.127,184026.875
335.207,182435.5625
335.327,181098.6875
335.40700000000004,179519.1875
335.52700000000004,178050.65625
335.607,176792.0625
335.80600000000004,174305.5
335.926,172772.6875
336.006,171751.5625
336.12600000000003,170265.90625
336.206,168921.8125
336.326,167567.1875
336.406,166898.125
336.526,165055.6875
336.606,163987.9375
336.80600000000004,161567.6875
336.92600000000004,160008.03125
337.006,159305.5625
337.12600000000003,157819.75
337.206,156515.25
337.326,155692.75
337.406,154316.59375
337.526,153266.1875
337.606,152590.65625
337.726,151288.6875
337.80600000000004,151104.25
338.12600000000003,150323.75
338.206,150323.75
338.326,150308.375
338.406,150308.375
338.526,150308.375
338.606,150308.375
338.726,150308.375
338.80600000000004,150308.375
338.92600000000004,150293.0
339.006,150293.0
339.12600000000003,150293.0
339.20500000000004,150293.0
339.325,150293.0
339.4050000000001,150293.0
339.52500000000003,150293.0
339.605,150293.0
339.725,150293.0
339.805,150293.0
339.925,150293.0
340.005,150293.0
340.125,150440.875
340.20500000000004,150440.875
340.325,150323.75
340.4050000000001,150323.75
340.52500000000003,150323.75
340.605,150323.75
340.725,150323.75
340.805,150323.75
340.925,150323.75
341.005,150323.75
341.125,150455.3125
341.20500000000004,150455.3125
341.325,150455.3125
341.4050000000001,150455.3125
341.52500000000003,150455.3125
341.605,150455.3125
341.725,150455.3125
341.805,150455.3125
341.925,150455.3125
342.005,150455.3125
342.125,150455.3125
342.20500000000004,150455.3125
342.325,150455.3125
342.4050000000001,150455.3125
342.52500000000003,150455.3125
342.605,150455.3125
342.725,150455.3125
343.92400000000004,150866.40625
345.524,150713.71875
345.60400000000004,150713.71875
345.724,150713.71875
345.80400000000003,150713.71875
345.92400000000004,150734.8125
346.803,150734.8125
346.923,150734.8125
347.00300000000004,150734.8125
347.123,150734.8125
347.20300000000003,150734.8125
347.32300000000004,150734.8125
347.403,150734.8125
347.523,150734.8125
347.603,150734.8125
347.723,150734.8125
347.803,150465.09375
347.923,150465.09375
348.00300000000004,150465.09375
348.123,150465.09375
348.20300000000003,150465.09375
348.32300000000004,150465.09375
348.403,150465.09375
348.523,150449.65625
348.603,150597.5625
348.723,150185.59375
348.803,150465.9375
348.923,150465.9375
349.00300000000004,150465.9375
349.123,150465.9375
349.20300000000003,150465.9375
349.32300000000004,150465.9375
349.403,150465.9375
349.523,150465.9375
349.603,150465.9375
349.723,150465.9375
349.803,150465.9375
349.923,150465.9375
350.00300000000004,150465.9375
350.123,150465.9375
350.202,150465.9375
350.322,150465.9375
350.40200000000004,150465.9375
350.522,150465.9375
350.60200000000003,150465.9375
350.72200000000004,150465.9375
350.802,150465.9375
350.922,150465.9375
351.002,150465.9375
351.122,150465.9375
351.202,150465.9375
351.322,150465.9375
351.40200000000004,150465.9375
351.522,150465.9375
351.60200000000003,150465.9375
351.72200000000004,150465.9375
351.802,150465.9375
351.922,150465.9375
352.002,150465.9375
352.122,150450.53125
352.202,150450.53125
352.322,150450.53125
352.40200000000004,150450.53125
352.522,150450.53125
352.60200000000003,150450.53125
352.72200000000004,150450.53125
355.321,150938.15625
355.401,150938.15625
356.401,150449.65625
356.521,150449.65625
356.601,150449.65625
356.721,150673.34375
357.52000000000004,150322.8125
357.6,150129.09375
357.8,150718.4375
357.92,150564.875
358.0,150601.40625
358.12,150564.875
358.20000000000005,150433.3125
358.32,150433.3125
358.52000000000004,150810.5
358.6,150699.15625
358.72,150699.15625
358.8,150708.28125
358.92,151393.6875
359.20000000000005,153698.875
361.399,153729.28125
361.519,153843.78125
362.119,153678.65625
362.319,153945.5625
362.399,153827.25
362.519,153827.25
362.599,153827.25
362.719,153827.25
366.31800000000004,153323.625
366.398,153323.625
366.518,153323.625
366.598,153323.625
366.718,153323.625
366.798,153323.625
366.918,153323.625
366.998,153323.625
367.798,153861.375
367.918,153861.375
367.998,153861.375
368.118,153861.375
368.197,153861.375
368.317,153861.375
368.397,153861.375
368.517,153861.375
368.59700000000004,153861.375
368.71700000000004,153861.375
368.797,153861.375
368.91700000000003,153861.375
368.997,153861.375
369.117,153861.375
369.197,153861.375
369.317,153861.375
369.397,153861.375
369.517,153861.375
369.59700000000004,153861.375
369.71700000000004,153861.375
369.797,153861.375
369.91700000000003,153861.375
369.997,153861.375
370.117,153861.375
370.197,153861.375
370.317,153861.375
370.397,153861.375
370.517,153861.375
370.59700000000004,153861.375
370.71700000000004,153861.375
370.797,153861.375
370.91700000000003,153861.375
370.997,153861.375
371.117,153861.375
371.197,153861.375
371.317,153861.375
371.397,153861.375
371.517,153861.375
371.59700000000004,153861.375
371.71700000000004,153861.375
371.796,153861.375
371.916,153861.375
371.99600000000004,153861.375
372.11600000000004,153861.375
372.196,153861.375
372.31600000000003,153861.375
372.396,153861.375
372.516,153861.375
372.596,153861.375
372.716,153861.375
373.516,153956.40625
373.596,153956.40625
373.716,153956.40625
373.796,153956.40625
373.916,153956.40625
373.99600000000004,153956.40625
374.11600000000004,153956.40625
374.196,153956.40625
374.31600000000003,153956.40625
374.396,153956.40625
374.516,153956.40625
374.596,153956.40625
374.716,153956.40625
374.796,153956.40625
374.916,153843.78125
374.99600000000004,153956.40625
375.11600000000004,153843.78125
375.196,153843.78125
375.31600000000003,153843.78125
375.39500000000004,153843.78125
375.51500000000004,153843.78125
375.595,153843.78125
375.71500000000003,153843.78125
375.795,153843.78125
375.915,153843.78125
375.995,153843.78125
376.115,153843.78125
376.195,153843.78125
376.315,153843.78125
376.39500000000004,153843.78125
376.51500000000004,153843.78125
376.595,153843.78125
376.71500000000003,153843.78125
376.795,153843.78125
376.915,153843.78125
376.995,153843.78125
377.115,153843.78125
377.195,153843.78125
377.315,153843.78125
377.39500000000004,153843.78125
377.51500000000004,153731.15625
377.595,153731.15625
377.71500000000003,153731.15625
377.795,153841.96875
377.915,153841.96875
377.995,153841.96875
378.115,153841.96875
378.195,153841.96875
378.315,153841.96875
378.39500000000004,153841.96875
378.51500000000004,153841.96875
378.595,153841.96875
378.71500000000003,154109.84375
378.795,154109.84375
378.915,154109.84375
378.994,154109.84375
379.11400000000003,154109.84375
379.194,154109.84375
379.314,154109.84375
379.394,154228.125
379.514,154228.125
379.594,154228.125
379.714,154228.125
379.79400000000004,154228.125
379.91400000000004,154228.125
379.994,154228.125
380.11400000000003,154243.78125
380.194,154228.125
380.314,154228.125
380.394,154228.125
380.514,154228.125
380.594,154228.125
380.714,154228.125
380.79400000000004,154228.125
380.91400000000004,154228.125
380.994,154228.125
381.11400000000003,154228.125
381.194,154228.125
381.314,154228.125
381.394,154228.125
381.514,154228.125
381.594,154228.125
381.714,154228.125
381.79400000000004,154228.125
381.91400000000004,154228.125
381.994,154228.125
382.11400000000003,154228.125
382.194,154094.1875
382.314,154094.1875
382.394,154094.1875
382.514,154094.1875
382.593,154094.1875
382.714,154094.1875
382.793,153841.96875
382.913,153841.96875
382.993,153841.96875
383.113,153841.96875
383.19300000000004,153841.96875
383.31300000000005,153960.25
383.393,153960.25
383.51300000000003,153975.90625
383.593,153975.90625
385.793,153980.625
385.913,153980.625
385.993,153980.625
386.113,153806.875
386.192,153806.875
386.312,153827.25
386.392,153827.25
386.512,153673.875
386.59200000000004,153810.65625
386.71200000000005,153944.59375
386.79200000000003,153944.59375
386.91200000000003,153944.59375
386.992,153944.59375
387.112,153944.59375
387.192,153944.59375
387.312,153791.25
387.392,153791.25
387.512,153791.25
387.59200000000004,153791.25
387.71200000000005,153811.625
387.79200000000003,153708.9375
387.91200000000003,153688.59375
387.992,153841.96875
388.112,153708.9375
388.192,153708.9375
388.312,153708.9375
388.392,153708.9375
388.512,153708.9375
388.59200000000004,153708.9375
388.71200000000005,153708.9375
388.79200000000003,153708.9375
388.91200000000003,153708.9375
388.992,153708.9375
389.112,153708.9375
389.192,153708.9375
389.312,153708.9375
389.392,153555.5625
389.512,153555.5625
389.59200000000004,153555.5625
389.71200000000005,153555.5625
389.791,153555.5625
389.91200000000003,153555.5625
389.99100000000004,153555.5625
390.11100000000005,153555.5625
390.19100000000003,153555.5625
390.31100000000004,153555.5625
390.391,153555.5625
390.511,153708.9375
390.591,153708.9375
390.711,153708.9375
390.791,153708.9375
390.911,153708.9375
390.99100000000004,153708.9375
391.11100000000005,153708.9375
391.19100000000003,153708.9375
391.31100000000004,153555.5625
391.391,153555.5625
391.511,153555.5625
391.591,153555.5625
391.711,153555.5625
391.791,153555.5625
391.911,153555.5625
391.99100000000004,153555.5625
392.11100000000005,153689.46875
392.19100000000003,153422.53125
392.31100000000004,153555.5625
392.391,153555.5625
392.511,153555.5625
392.591,153555.5625
392.711,153555.5625
392.791,153555.5625
392.911,153555.5625
392.99100000000004,153555.5625
393.11100000000005,153555.5625
393.19100000000003,153555.5625
393.31100000000004,153555.5625
393.39000000000004,153555.5625
393.51,153555.5625
393.59000000000003,153555.5625
393.71000000000004,153555.5625
393.79,153555.5625
393.91,153555.5625
393.99,153555.5625
394.11,153555.5625
394.19,153555.5625
394.31,153555.5625
394.39000000000004,153555.5625
394.51,153555.5625
394.59000000000003,153555.5625
394.71000000000004,153555.5625
394.79,153555.5625
394.91,153555.5625
394.99,153555.5625
395.11,153555.5625
395.19,153555.5625
395.31,153555.5625
395.39000000000004,153555.5625
395.51,153555.5625
395.59000000000003,153555.5625
395.71000000000004,153555.5625
395.79,153555.5625
395.91,153555.5625
395.99,153555.5625
396.11,153555.5625
396.19,153555.5625
396.31,153555.5625
396.39000000000004,153555.5625
396.51,153555.5625
396.59000000000003,153555.5625
396.71000000000004,153555.5625
396.79,153555.5625
396.91,153555.5625
396.99,153555.5625
397.10900000000004,153555.5625
397.189,153555.5625
397.309,153555.5625
397.389,153555.5625
397.509,153555.5625
397.589,153555.5625
397.709,153555.5625
397.78900000000004,153995.34375
397.909,153995.34375
397.98900000000003,153995.34375
398.10900000000004,153995.34375
398.189,153995.34375
398.309,153995.34375
398.389,153995.34375
398.509,153995.34375
398.589,153995.34375
398.709,153995.34375
398.78900000000004,153995.34375
398.909,153995.34375
398.98900000000003,153995.34375
399.10900000000004,153995.34375
399.189,153995.34375
399.309,153995.34375
399.389,153995.34375
399.509,153995.34375
399.589,153995.34375
399.709,153995.34375
399.78900000000004,153995.34375
399.909,153995.34375
399.98900000000003,153995.34375
400.10900000000004,153995.34375
400.189,153995.34375
400.309,153995.34375
400.389,153995.34375
400.509,153995.34375
400.589,153995.34375
400.708,153995.34375
400.788,153995.34375
400.908,153995.34375
400.988,153995.34375
401.108,153995.34375
401.18800000000005,153995.34375
401.308,153975.0
401.38800000000003,153975.0
401.50800000000004,153975.0
401.588,153975.0
401.708,153975.0
401.788,153975.0
401.908,153975.0
401.988,153975.0
402.108,153975.0
402.18800000000005,153975.0
402.308,153975.0
402.38800000000003,153975.0
402.50800000000004,153975.0
402.588,153975.0
402.708,153975.0
402.788,153955.53125
402.908,153955.53125
402.988,153955.53125
403.108,153955.53125
403.18800000000005,153955.53125
403.308,153955.53125
403.38800000000003,153955.53125
403.50800000000004,153955.53125
403.588,153955.53125
403.708,153955.53125
403.788,153955.53125
403.908,153955.53125
403.988,153955.53125
404.108,153955.53125
404.18800000000005,153955.53125
404.307,153955.53125
404.387,153955.53125
404.507,153955.53125
404.58700000000005,153955.53125
404.707,153955.53125
404.78700000000003,153955.53125
404.90700000000004,153955.53125
404.987,153554.6875
405.107,153821.625
405.187,153955.53125
405.307,153955.53125
405.387,153955.53125
405.507,153955.53125
405.58700000000005,153955.53125
405.707,153955.53125
405.78700000000003,153955.53125
405.90700000000004,153955.53125
405.987,153955.53125
406.107,153955.53125
406.187,153935.15625
406.307,153688.59375
406.387,153688.59375
406.507,153688.59375
406.58700000000005,153688.59375
406.707,153688.59375
406.78700000000003,153688.59375
406.90700000000004,153688.59375
406.987,153688.59375
407.107,153688.59375
407.187,153688.59375
407.307,153688.59375
407.387,153688.59375
407.507,153688.59375
407.58700000000005,153688.59375
407.707,153688.59375
407.78700000000003,153842.875
407.90700000000004,153842.875
407.98600000000005,153842.875
408.386,153842.875
408.506,153842.875
408.586,153842.875
408.706,153842.875
408.786,153842.875
408.906,153842.875
408.98600000000005,153842.875
409.106,153842.875
409.18600000000004,153842.875
409.30600000000004,153842.875
409.386,153842.875
409.506,153842.875
409.586,153842.875
411.70500000000004,153709.84375
412.785,153709.84375
412.9050000000001,153441.96875
412.985,153709.84375
413.105,153575.0
413.185,153575.0
413.305,153575.0
413.38500000000005,153575.0
413.505,153575.0
413.58500000000004,153575.0
413.70500000000004,153708.03125
413.785,153861.375
413.9050000000001,153861.375
413.985,153861.375
414.105,153861.375
414.305,153575.0
414.38500000000005,153575.0
415.184,153693.3125
415.504,154113.625
415.584,154097.9375
417.784,153678.65625
417.904,153730.21875
417.98400000000004,153730.21875
418.10400000000004,153709.84375
418.184,153709.84375
418.30400000000003,153575.90625
418.384,153555.5625
418.504,153575.90625
418.584,153575.90625
422.78200000000004,153708.9375
422.90200000000004,153708.9375
422.982,153708.9375
423.10200000000003,153708.9375
423.182,153708.9375
423.302,153708.9375
423.382,153708.9375
423.502,153708.9375
423.582,153708.9375
423.702,153708.9375
423.78200000000004,153708.9375
423.90200000000004,153708.9375
423.982,153708.9375
424.10200000000003,153708.9375
424.182,153708.9375
424.302,153708.9375
424.382,153708.9375
424.502,153961.1875
424.582,153961.1875
424.702,153961.1875
424.78200000000004,153961.1875
424.90200000000004,153961.1875
424.982,153961.1875
425.10200000000003,153961.1875
425.182,153961.1875
425.302,153961.1875
425.382,153961.1875
425.502,153961.1875
425.582,153961.1875
425.702,153961.1875
425.78200000000004,153961.1875
425.90200000000004,153961.1875
425.981,153961.1875
426.10200000000003,153961.1875
426.18100000000004,153961.1875
426.30100000000004,153961.1875
426.381,153961.1875
426.50100000000003,153961.1875
426.581,153961.1875
426.701,153961.1875
426.781,153961.1875
426.901,153961.1875
426.981,153961.1875
427.101,153961.1875
427.18100000000004,153961.1875
427.30100000000004,153961.1875
427.381,153961.1875
427.50100000000003,153961.1875
427.581,153961.1875
427.701,153961.1875
430.58000000000004,153785.59375
430.70000000000005,154958.5
430.7800000000001,154923.4375
430.90000000000003,155537.9375
430.98,156635.9375
431.1,158167.71875
431.18,159054.6875
431.3,160815.34375
431.38,161162.75
431.5,162981.84375
431.58000000000004,163580.03125
431.70000000000005,164995.0625
431.7800000000001,165932.5
431.90000000000003,167660.65625
431.98,168709.25
432.1,170747.03125
432.18,171241.625
432.3,172746.125
432.38,173974.5625
432.5,175918.3125
432.58000000000004,176617.125
432.70000000000005,178184.75
432.7800000000001,179657.65625
432.90000000000003,181136.5
432.98,182388.28125
433.1,184056.21875
433.17900000000003,185490.09375
433.29900000000004,186936.5
433.379,188270.34375
433.499,190310.65625
433.579,191210.625
433.699,192898.625
433.779,194357.5
433.899,196197.6875
433.97900000000004,197702.40625
434.09900000000005,199325.90625
434.17900000000003,200798.53125
434.29900000000004,202515.1875
434.379,204099.0
434.499,206502.25
434.579,207068.125
434.699,209480.1875
434.779,210621.75
434.899,212602.03125
434.97900000000004,214799.5625
435.09900000000005,216755.875
435.17900000000003,218476.71875
435.29900000000004,220690.625
435.379,222040.21875
435.499,224499.71875
435.579,225924.0
435.699,227921.0
435.779,229112.8125
435.899,232163.5625
435.97900000000004,233478.90625
436.09900000000005,235998.65625
436.17900000000003,237649.0
436.29900000000004,240066.0
436.379,241766.8125
436.499,244381.21875
436.579,246518.75
436.699,249105.6875
436.778,250830.1875
436.898,253717.90625
436.978,255166.1875
437.098,258655.5625
437.178,260610.28125
437.298,263087.1875
437.37800000000004,264733.78125
437.49800000000005,267830.5625
437.57800000000003,270055.75
437.69800000000004,272736.1875
437.778,275444.75
437.898,278169.5625
437.978,280297.8125
438.098,282875.3125
438.178,283669.71875
438.298,283912.3125
438.37800000000004,283912.3125
438.49800000000005,284226.65625
438.57800000000003,284226.65625
438.69800000000004,283681.6875
438.778,283916.09375
438.898,283885.34375
438.978,283889.15625
439.098,283704.78125
439.178,283524.21875
439.298,284092.875
439.37800000000004,283916.09375
439.49800000000005,283911.1875
439.57800000000003,283912.3125
439.69800000000004,283889.15625
439.778,283889.15625
439.898,283687.8125
439.978,283506.125
440.098,283506.125
440.178,283506.125
440.298,283891.46875
440.377,283891.46875
440.497,283891.46875
440.577,283687.8125
440.697,283528.09375
440.77700000000004,283528.09375
440.89700000000005,284072.0
440.97700000000003,284072.0
441.09700000000004,283891.46875
441.177,283891.46875
441.297,283665.84375
441.377,283846.3125
441.497,284253.6875
441.577,284253.6875
441.697,284073.15625
441.77700000000004,284073.15625
441.89700000000005,284073.15625
